Feature Id,Importances
Area,59.74999481930378
Numero de Quartos,40.25000518069623
